,DateTime,Open,High,Low,Close
0,2018-06-18,275.49,276.7,274.95,276.56
1,2018-06-19,274.0,275.75,273.53,275.5
2,2018-06-20,276.27,276.72,275.59,275.97
3,2018-06-21,275.96,275.98,273.68,274.24
4,2018-06-22,275.66,275.79,274.49,274.74
5,2018-06-25,273.44,273.62,269.1,271.0
6,2018-06-26,271.64,272.56,270.79,271.6
7,2018-06-27,272.26,273.87,269.18,269.35
8,2018-06-28,269.29,271.75,268.49,270.89
9,2018-06-29,272.12,273.66,271.19,271.28
10,2018-07-02,269.51,272.04,269.24,271.86
11,2018-07-03,272.87,272.98,270.42,270.9
12,2018-07-05,272.16,273.18,270.96,273.11
13,2018-07-06,273.14,275.84,272.71,275.42
14,2018-07-09,276.55,277.96,276.5,277.9
15,2018-07-10,278.41,279.01,278.08,278.9
16,2018-07-11,277.14,278.04,276.52,276.86
17,2018-07-12,278.27,279.43,277.6,279.37
18,2018-07-13,279.19,279.93,278.66,279.59
19,2018-07-16,279.64,279.81,278.84,279.34
20,2018-07-17,278.47,280.91,278.41,280.47
21,2018-07-18,280.59,281.18,280.06,281.06
22,2018-07-19,280.31,280.74,279.46,280.0
23,2018-07-20,279.76,280.48,279.5,279.68
24,2018-07-23,279.45,280.43,279.06,280.2
25,2018-07-24,281.79,282.56,280.63,281.61
26,2018-07-25,281.33,284.37,281.28,284.01
27,2018-07-26,283.21,284.11,283.09,283.34
28,2018-07-27,283.71,283.82,280.38,281.42
29,2018-07-30,281.49,281.69,279.36,279.95
30,2018-07-31,280.81,282.02,280.38,281.33
31,2018-08-01,281.56,282.13,280.13,280.86
32,2018-08-02,279.38,282.58,279.16,282.39
33,2018-08-03,282.53,283.65,282.33,283.6
34,2018-08-06,283.56,284.99,283.2,284.64
35,2018-08-07,285.39,286.01,285.24,285.58
36,2018-08-08,285.39,285.91,284.94,285.46
37,2018-08-09,285.53,285.97,284.91,285.07
38,2018-08-10,283.45,284.06,282.36,283.16
39,2018-08-13,283.47,284.16,281.77,282.1
40,2018-08-14,282.92,284.17,282.05,283.9
41,2018-08-15,282.38,282.54,280.16,281.78
42,2018-08-16,283.4,285.04,283.36,284.06
43,2018-08-17,283.83,285.57,283.37,285.06
44,2018-08-20,285.57,285.97,285.06,285.67
45,2018-08-21,286.24,287.31,286.1,286.34
46,2018-08-22,285.88,286.76,285.57,286.17
47,2018-08-23,285.97,286.94,285.43,285.79
48,2018-08-24,286.44,287.67,286.38,287.51
49,2018-08-27,288.86,289.9,288.68,289.78
50,2018-08-28,290.3,290.42,289.4,289.92
51,2018-08-29,290.16,291.74,289.88,291.48
52,2018-08-30,290.94,291.36,289.63,290.3
53,2018-08-31,289.84,290.81,289.29,290.31
54,2018-09-04,289.84,290.21,288.68,289.84
55,2018-09-05,289.41,289.64,287.89,289.03
56,2018-09-06,289.15,289.49,287.0,288.16
57,2018-09-07,286.99,288.7,286.71,287.6
58,2018-09-10,288.76,289.04,287.88,288.1
59,2018-09-11,287.37,289.55,286.97,289.05
60,2018-09-12,289.06,289.8,288.23,289.12
61,2018-09-13,290.32,291.04,289.99,290.83
62,2018-09-14,291.06,291.27,290.0,290.88
63,2018-09-17,290.82,290.86,289.03,289.34
64,2018-09-18,289.57,291.58,289.55,290.91
65,2018-09-19,290.97,291.69,290.82,291.22
66,2018-09-20,292.64,293.94,292.51,293.58
67,2018-09-21,293.09,293.22,291.81,291.99
68,2018-09-24,291.34,291.5,290.37,291.02
69,2018-09-25,291.53,291.65,290.48,290.75
70,2018-09-26,290.92,292.24,289.41,289.88
71,2018-09-27,290.44,291.91,290.1,290.69
72,2018-09-28,289.99,291.28,289.95,290.72
73,2018-10-01,292.13,292.93,290.98,291.73
74,2018-10-02,291.56,292.36,291.14,291.56
75,2018-10-03,292.72,293.21,291.32,291.72
76,2018-10-04,291.18,291.24,287.66,289.44
77,2018-10-05,289.69,290.27,286.22,287.82
78,2018-10-08,287.04,288.22,285.5,287.82
79,2018-10-09,287.39,288.86,286.77,287.4
80,2018-10-10,286.83,286.91,277.88,278.3
81,2018-10-11,277.08,278.9,270.36,272.17
82,2018-10-12,276.77,277.09,272.37,275.95
83,2018-10-15,275.55,277.04,274.3,274.4
84,2018-10-16,276.57,280.82,276.07,280.4
85,2018-10-17,280.44,281.15,277.56,280.45
86,2018-10-18,279.4,280.07,274.97,276.4
87,2018-10-19,277.12,279.3,275.47,276.25
88,2018-10-22,277.0,277.36,274.41,275.01
89,2018-10-23,270.94,274.87,268.61,273.61
90,2018-10-24,273.33,273.76,264.7,265.32
91,2018-10-25,267.37,271.81,266.23,270.08
92,2018-10-26,265.92,271.0,262.29,265.33
93,2018-10-29,268.78,270.25,259.85,263.86
94,2018-10-30,263.67,268.12,263.12,267.77
95,2018-10-31,270.65,273.23,270.12,270.63
96,2018-11-01,271.62,273.73,270.38,273.51
97,2018-11-02,274.74,275.23,269.59,271.89
98,2018-11-05,272.44,274.01,271.35,273.39
99,2018-11-06,273.32,275.3,273.25,275.12
100,2018-11-07,277.56,281.1,277.08,281.01
101,2018-11-08,280.14,281.22,279.22,280.5
102,2018-11-09,279.03,279.24,276.18,277.76
103,2018-11-12,277.15,277.46,271.99,272.57
104,2018-11-13,273.06,275.33,271.25,272.06
105,2018-11-14,274.14,274.61,268.45,270.2
106,2018-11-15,268.78,273.54,267.01,273.02
107,2018-11-16,271.79,274.75,271.21,273.73
108,2018-11-19,273.05,273.38,266.74,269.1
109,2018-11-20,265.37,267.0,263.15,264.12
110,2018-11-21,265.86,267.15,265.01,265.02
111,2018-11-23,263.18,264.83,263.07,263.25
112,2018-11-26,265.78,267.75,265.34,267.5
113,2018-11-27,266.34,268.4,265.66,268.4
114,2018-11-28,269.6,274.58,268.53,274.58
115,2018-11-29,273.71,275.55,272.43,273.98
116,2018-11-30,273.81,276.28,273.45,275.65
117,2018-12-03,280.26,280.4,277.5,279.3
118,2018-12-04,278.37,278.85,269.9,270.25
119,2018-12-06,265.92,269.97,262.44,269.84
120,2018-12-07,269.46,271.22,262.63,263.57
121,2018-12-10,263.37,265.17,258.62,264.07
122,2018-12-11,267.66,267.87,262.48,264.13
123,2018-12-12,267.47,269.0,265.37,265.46
124,2018-12-13,266.51,267.49,264.12,265.37
125,2018-12-14,262.96,264.03,259.85,260.47
126,2018-12-17,259.43,260.65,253.52,255.36
127,2018-12-18,257.19,257.95,253.28,255.08
128,2018-12-19,255.17,259.4,249.35,251.26
129,2018-12-20,249.86,251.62,244.65,247.17
130,2018-12-21,246.72,249.71,239.98,240.7
131,2018-12-24,239.03,240.29,234.31,234.34
132,2018-12-26,235.97,246.18,233.76,246.18
133,2018-12-27,242.57,248.17,238.96,248.07
134,2018-12-28,249.58,251.4,246.45,247.75
135,2018-12-31,249.56,250.16,247.47,249.92
136,2019-01-02,245.98,251.21,245.95,250.18
137,2019-01-03,248.26,248.57,243.67,244.21
138,2019-01-04,247.59,253.11,247.17,252.39
139,2019-01-07,252.69,255.95,251.69,254.38
140,2019-01-08,256.82,257.31,254.0,256.77
141,2019-01-09,257.55,258.91,256.19,257.97
142,2019-01-10,256.3,259.16,255.5,258.88
143,2019-01-11,257.68,258.98,257.03,258.98
144,2019-01-14,256.86,258.3,256.41,257.4
145,2019-01-15,257.82,260.7,257.81,260.35
146,2019-01-16,260.83,261.97,260.6,260.98
147,2019-01-17,260.01,263.92,259.96,262.96
148,2019-01-18,264.98,266.98,264.1,266.46
149,2019-01-22,264.82,265.06,261.06,262.86
150,2019-01-23,264.01,264.79,260.66,263.41
151,2019-01-24,263.21,264.2,262.08,263.55
152,2019-01-25,265.61,266.7,265.11,265.78
153,2019-01-28,263.39,263.83,261.79,263.76
154,2019-01-29,263.9,264.55,262.48,263.41
155,2019-01-30,265.1,268.52,264.25,267.58
156,2019-01-31,267.51,270.47,267.27,269.93
157,2019-02-01,270.15,271.2,269.18,270.06
158,2019-02-04,270.11,272.02,269.36,271.96
159,2019-02-05,272.47,273.44,271.88,273.1
160,2019-02-06,272.79,273.34,271.92,272.74
161,2019-02-07,270.94,271.55,268.29,270.14
162,2019-02-08,268.75,270.51,267.83,270.47
163,2019-02-11,271.2,271.49,270.03,270.62
164,2019-02-12,272.42,274.52,272.34,274.1
165,2019-02-13,275.03,275.93,274.56,274.99
166,2019-02-14,273.78,275.64,272.87,274.38
167,2019-02-15,276.34,277.41,276.13,277.37
168,2019-02-19,276.49,278.58,276.47,277.85
169,2019-02-20,277.81,278.92,277.25,278.41
170,2019-02-21,277.73,278.1,276.34,277.42
171,2019-02-22,278.11,279.36,277.82,279.14
172,2019-02-25,280.73,281.31,279.43,279.52
173,2019-02-26,279.13,280.3,278.9,279.32
174,2019-02-27,278.55,279.59,277.48,279.2
175,2019-02-28,278.96,279.45,278.32,278.68
176,2019-03-01,280.44,280.88,278.82,280.42
177,2019-03-04,281.6,281.87,276.84,279.4
178,2019-03-05,279.55,279.76,278.41,279.02
179,2019-03-06,279.15,279.16,276.97,277.33
180,2019-03-07,276.83,276.99,274.07,275.01
181,2019-03-08,272.93,274.65,272.42,274.46
182,2019-03-11,275.26,278.62,275.23,278.44
183,2019-03-12,279.04,280.07,278.85,279.49
184,2019-03-13,280.48,282.38,280.3,281.34
185,2019-03-14,281.37,281.84,280.66,281.16
186,2019-03-15,280.54,282.21,280.33,281.31
187,2019-03-18,281.55,282.66,281.3,282.33
188,2019-03-19,283.51,284.36,281.41,282.4
189,2019-03-20,282.17,283.5,280.32,281.55
190,2019-03-21,280.63,285.18,280.59,284.73
191,2019-03-22,283.22,283.81,279.18,279.25
192,2019-03-25,278.88,280.19,277.64,279.04
193,2019-03-26,280.99,282.18,279.56,281.12
194,2019-03-27,281.11,281.76,277.93,279.65
195,2019-03-28,280.35,281.21,279.07,280.71
196,2019-03-29,282.39,282.84,281.14,282.48
197,2019-04-01,284.71,286.16,284.4,285.83
198,2019-04-02,286.04,286.23,285.09,285.97
199,2019-04-03,287.32,287.76,285.75,286.42
200,2019-04-04,286.78,287.46,286.01,287.18
201,2019-04-05,287.92,288.63,287.6,288.57
202,2019-04-08,288.1,288.91,287.37,288.79
203,2019-04-09,287.72,288.08,286.7,287.31
204,2019-04-10,287.77,288.39,287.31,288.29
205,2019-04-11,288.83,288.84,287.57,288.21
206,2019-04-12,290.0,290.47,289.26,290.16
207,2019-04-15,290.24,290.35,289.07,289.97
208,2019-04-16,290.95,291.01,289.5,290.16
209,2019-04-17,291.4,291.43,288.99,289.45
210,2019-04-18,290.1,290.32,288.66,290.02
211,2019-04-22,289.17,290.44,289.07,290.27
212,2019-04-23,290.68,293.14,290.42,292.88
213,2019-04-24,292.77,293.16,292.07,292.23
214,2019-04-25,292.13,292.78,290.73,292.05
215,2019-04-26,292.1,293.49,291.24,293.41
216,2019-04-29,293.51,294.45,293.41,293.87
217,2019-04-30,293.49,294.34,291.92,294.02
218,2019-05-01,294.72,294.95,291.8,291.81
219,2019-05-02,291.68,292.7,289.52,291.18
220,2019-05-03,292.82,294.34,292.56,294.03
221,2019-05-06,289.25,293.31,288.9,292.82
222,2019-05-07,290.15,290.81,285.81,287.93
223,2019-05-08,287.54,289.43,286.87,287.53
224,2019-05-09,285.24,287.33,283.3,286.66
225,2019-05-10,285.62,288.94,282.3,288.1
226,2019-05-13,282.42,283.49,279.93,280.86
227,2019-05-14,282.02,285.1,281.85,283.4
228,2019-05-15,281.59,285.77,281.36,285.06
229,2019-05-16,285.84,289.21,285.76,287.7
230,2019-05-17,285.14,288.6,285.13,285.84
231,2019-05-20,284.06,285.43,283.12,283.95
232,2019-05-21,285.83,286.93,285.55,286.51
233,2019-05-22,285.45,286.69,285.1,285.63
234,2019-05-23,283.16,283.21,280.57,282.14
235,2019-05-24,283.74,284.2,282.09,282.78
236,2019-05-28,283.09,284.15,280.15,280.15
237,2019-05-29,278.91,279.36,276.71,278.27
238,2019-05-30,279.11,280.04,277.8,279.03
239,2019-05-31,276.2,277.12,275.24,275.27
240,2019-06-03,275.31,276.56,273.09,274.57
241,2019-06-04,277.12,280.68,276.62,280.53
242,2019-06-05,282.33,282.99,280.32,282.96
243,2019-06-06,283.29,285.55,282.57,284.8
244,2019-06-07,285.93,288.85,285.74,287.65
245,2019-06-10,289.36,290.82,288.87,288.97
246,2019-06-11,290.99,291.4,288.18,288.9
247,2019-06-12,288.64,289.26,287.81,288.39
248,2019-06-13,289.4,289.98,288.62,289.58
249,2019-06-14,289.26,289.93,288.41,289.26
250,2019-06-17,289.52,290.22,289.18,289.37
251,2019-06-18,291.39,293.57,290.99,292.4
252,2019-06-19,292.55,293.65,291.47,293.06
253,2019-06-20,296.04,296.31,293.12,295.86
254,2019-06-21,294.14,295.52,293.76,294.0
255,2019-06-24,294.23,294.58,293.47,293.64
256,2019-06-25,293.69,293.73,290.64,290.76
257,2019-06-26,291.75,292.31,290.34,290.47
258,2019-06-27,291.31,292.06,290.89,291.5
259,2019-06-28,292.58,293.55,292.01,293.0
260,2019-07-01,296.68,296.92,294.33,295.66
261,2019-07-02,295.61,296.49,294.68,296.43
262,2019-07-03,297.19,298.82,297.02,298.8
263,2019-07-05,297.45,298.64,296.01,298.46
264,2019-07-08,297.01,297.35,296.22,296.82
265,2019-07-09,295.54,297.52,295.48,297.19
266,2019-07-10,298.37,299.66,297.78,298.61
267,2019-07-11,299.32,299.58,298.2,299.31
268,2019-07-12,299.85,300.73,299.51,300.65
269,2019-07-15,301.13,301.13,300.19,300.75
270,2019-07-16,300.65,300.88,299.44,299.71
271,2019-07-17,299.75,299.93,297.74,297.74
272,2019-07-18,297.19,299.25,296.7,298.83
273,2019-07-19,300.02,300.07,296.96,297.17
274,2019-07-22,297.61,298.5,297.04,297.9
275,2019-07-23,299.14,300.03,298.22,300.03
276,2019-07-24,299.18,301.44,299.09,301.44
277,2019-07-25,300.95,301.0,299.11,300.0
278,2019-07-26,300.76,302.23,300.62,302.01
279,2019-07-29,301.88,301.93,300.85,301.46
280,2019-07-30,299.9,301.17,299.49,300.72
281,2019-07-31,300.99,301.2,295.2,297.43
282,2019-08-01,297.6,300.87,293.96,294.84
283,2019-08-02,293.85,294.12,290.9,292.62
284,2019-08-05,288.09,288.21,281.72,283.82
285,2019-08-06,285.91,288.04,284.28,287.8
286,2019-08-07,284.41,288.82,282.04,287.97
287,2019-08-08,289.61,293.62,289.01,293.62
288,2019-08-09,292.56,293.24,289.65,291.62
289,2019-08-12,289.96,290.57,287.02,288.07
290,2019-08-13,287.74,294.15,287.36,292.55
291,2019-08-14,288.07,288.74,283.76,283.9
292,2019-08-15,284.9,285.64,282.39,284.65
293,2019-08-16,286.48,289.33,284.71,288.85
294,2019-08-19,292.18,293.08,291.44,292.33
295,2019-08-20,291.77,292.36,289.95,290.09
296,2019-08-21,292.47,292.86,291.72,292.45
297,2019-08-22,293.23,293.93,290.4,292.36
298,2019-08-23,290.92,292.76,283.47,284.85
299,2019-08-26,287.27,288.0,285.58,288.0
300,2019-08-27,289.54,289.95,286.03,286.87
301,2019-08-28,286.14,289.07,285.25,288.89
302,2019-08-29,291.72,293.16,290.61,292.58
303,2019-08-30,294.22,294.24,291.42,292.45
304,2019-09-03,290.57,291.58,289.27,290.74
305,2019-09-04,293.14,294.06,292.31,294.04
306,2019-09-05,296.79,298.83,296.64,297.82
307,2019-09-06,298.17,298.76,297.42,298.05
308,2019-09-09,299.14,299.24,297.16,298.2
309,2019-09-10,297.36,298.2,295.97,298.13
310,2019-09-11,298.47,300.34,297.75,300.25
311,2019-09-12,301.25,302.46,300.41,301.29
312,2019-09-13,301.78,302.17,300.68,301.09
313,2019-09-16,299.84,300.65,299.45,300.16
314,2019-09-17,299.93,301.02,299.75,300.92
315,2019-09-18,300.49,301.22,298.24,301.1
316,2019-09-19,301.53,302.63,300.71,301.08
317,2019-09-20,300.36,300.67,297.41,298.28
318,2019-09-23,297.55,299.0,297.27,298.21
319,2019-09-24,299.41,299.84,294.81,295.87
320,2019-09-25,295.95,298.11,294.33,297.62
321,2019-09-26,297.63,297.86,295.45,297.0
322,2019-09-27,297.83,297.95,293.69,295.4
323,2019-09-30,295.96,297.55,295.92,296.77
324,2019-10-01,297.73,298.46,293.0,293.24
325,2019-10-02,291.51,291.51,286.64,288.06
326,2019-10-03,287.82,290.42,284.82,290.42
327,2019-10-04,291.14,294.63,291.08,294.35
328,2019-10-07,293.47,295.26,292.77,293.08
329,2019-10-08,291.04,291.85,288.49,288.53
330,2019-10-09,290.75,292.3,290.06,291.27
331,2019-10-10,291.18,294.21,291.0,293.24
332,2019-10-11,296.25,298.74,296.14,296.28
333,2019-10-14,295.92,296.67,295.57,295.95
334,2019-10-15,297.09,299.7,296.97,298.88
335,2019-10-16,298.35,299.16,297.92,298.4
336,2019-10-17,299.67,300.24,298.51,299.28
337,2019-10-18,298.68,299.4,296.99,297.97
338,2019-10-21,299.42,300.21,298.93,299.99
339,2019-10-22,300.58,300.9,298.91,299.01
340,2019-10-23,298.73,299.94,298.49,299.88
341,2019-10-24,300.91,301.07,299.46,300.37
342,2019-10-25,299.74,302.2,299.69,301.6
343,2019-10-28,302.93,303.85,302.91,303.3
344,2019-10-29,303.0,304.23,302.86,303.21
345,2019-10-30,303.43,304.55,301.99,304.14
346,2019-10-31,304.11,304.13,301.73,303.33
347,2019-11-01,304.91,306.19,304.74,306.14
348,2019-11-04,307.85,308.0,306.96,307.37
349,2019-11-05,307.57,307.92,306.71,307.03
350,2019-11-06,307.03,307.4,306.06,307.1
351,2019-11-07,308.59,309.46,307.66,308.18
352,2019-11-08,307.8,308.97,307.03,308.94
353,2019-11-11,307.42,308.54,307.27,308.35
354,2019-11-12,308.74,309.99,308.15,309.0
355,2019-11-13,307.91,309.54,307.66,309.1
356,2019-11-14,308.79,309.64,308.09,309.55
357,2019-11-15,311.01,311.83,310.26,311.79
358,2019-11-18,311.53,312.28,311.03,312.02
359,2019-11-19,312.67,312.69,311.22,311.93
360,2019-11-20,311.28,311.85,309.06,310.77
361,2019-11-21,310.88,311.01,309.39,310.27
362,2019-11-22,311.09,311.24,309.85,310.96
363,2019-11-25,311.98,313.37,311.98,313.37
364,2019-11-26,313.41,314.28,313.06,314.08
365,2019-11-27,314.61,315.48,314.37,315.48
366,2019-11-29,314.86,315.13,314.06,314.31
367,2019-12-02,314.59,314.66,311.17,311.64
368,2019-12-03,308.65,309.64,307.13,309.55
369,2019-12-04,310.69,312.12,310.32,311.46
370,2019-12-05,312.24,312.25,310.58,312.02
371,2019-12-06,314.1,315.31,314.1,314.87
372,2019-12-09,314.42,315.18,313.8,313.88
373,2019-12-10,313.83,314.55,312.81,313.53
374,2019-12-11,314.05,314.7,313.59,314.42
375,2019-12-12,314.43,317.99,314.17,317.13
376,2019-12-13,316.87,318.67,316.02,317.32
377,2019-12-16,319.18,320.15,319.17,319.5
378,2019-12-17,319.92,320.25,319.48,319.57
379,2019-12-18,320.01,320.25,319.53,319.59
380,2019-12-19,319.79,320.98,319.75,320.9
381,2019-12-20,320.46,321.45,320.37,320.73
382,2019-12-23,321.59,321.65,321.06,321.22
383,2019-12-24,321.47,321.52,320.9,321.23
384,2019-12-26,321.66,322.94,321.64,322.94
385,2019-12-27,323.74,323.8,322.28,322.86
386,2019-12-30,322.96,323.1,320.55,321.08
387,2019-12-31,320.52,322.13,320.15,321.86
388,2020-01-02,323.55,324.87,322.53,324.87
389,2020-01-03,321.13,323.64,321.1,322.41
390,2020-01-06,320.49,323.73,320.36,323.64
391,2020-01-07,323.02,323.54,322.24,322.73
392,2020-01-08,322.95,325.78,322.67,324.45
393,2020-01-09,326.15,326.73,325.52,326.65
394,2020-01-10,327.31,327.46,325.2,325.71
395,2020-01-13,326.4,327.96,325.92,327.95
396,2020-01-14,327.48,328.62,326.84,327.45
397,2020-01-15,327.34,329.02,327.26,328.19
398,2020-01-16,329.7,330.92,329.45,330.92
399,2020-01-17,331.69,332.18,331.07,331.95
400,2020-01-21,330.89,332.18,330.82,331.3
401,2020-01-22,332.24,332.95,331.17,331.34
402,2020-01-23,330.64,331.92,329.41,331.72
403,2020-01-24,332.44,332.53,327.36,328.77
404,2020-01-27,323.03,325.12,322.66,323.5
405,2020-01-28,325.06,327.85,324.55,326.89
406,2020-01-29,328.38,328.63,326.4,326.62
407,2020-01-30,324.36,327.91,323.54,327.68
408,2020-01-31,326.99,327.17,320.73,321.73
409,2020-02-03,323.35,326.16,323.22,324.12
410,2020-02-04,328.07,330.01,327.72,329.06
411,2020-02-05,332.27,333.09,330.67,332.86
412,2020-02-06,333.92,334.19,332.8,333.98
413,2020-02-07,332.82,333.62,331.6,332.2
414,2020-02-10,331.23,334.72,331.19,334.68
415,2020-02-11,336.17,337.02,334.75,335.26
416,2020-02-12,336.83,337.65,336.43,337.42
417,2020-02-13,335.86,338.12,335.56,337.06
418,2020-02-14,337.46,337.73,336.2,337.6
419,2020-02-18,336.52,337.17,335.21,336.73
420,2020-02-19,337.77,339.08,337.48,338.34
421,2020-02-20,337.75,338.64,333.68,336.95
422,2020-02-21,335.47,335.81,332.58,333.48
423,2020-02-24,323.14,325.85,321.24,322.42
424,2020-02-25,323.93,324.61,311.69,312.65
425,2020-02-26,314.19,318.11,310.7,311.5
426,2020-02-27,305.46,309.65,297.51,297.51
427,2020-02-28,288.7,296.26,285.54,296.26
428,2020-03-02,298.2,309.16,294.46,309.09
429,2020-03-03,309.49,313.84,297.57,300.24
430,2020-03-04,306.09,313.1,303.33,312.86
431,2020-03-05,304.98,308.47,300.01,302.46
432,2020-03-06,293.18,298.78,290.23,297.46
433,2020-03-09,275.29,284.19,273.45,274.23
434,2020-03-10,284.62,288.51,273.5,288.42
435,2020-03-11,280.7,281.94,270.88,274.36
436,2020-03-12,255.99,266.66,247.68,248.11
437,2020-03-13,263.09,271.08,249.58,269.32
438,2020-03-16,240.94,256.9,237.36,239.85
439,2020-03-17,245.04,256.17,237.07,252.8
440,2020-03-18,236.25,248.37,228.02,240.0
441,2020-03-19,239.25,247.38,232.22,240.51
442,2020-03-20,242.58,244.47,228.5,228.8
443,2020-03-23,228.09,229.39,218.26,222.95
444,2020-03-24,234.42,244.1,233.8,243.15
445,2020-03-25,244.86,256.35,239.75,246.79
446,2020-03-26,249.52,262.8,249.05,261.2
447,2020-03-27,253.29,260.81,251.05,253.42
448,2020-03-30,255.72,262.43,253.53,261.65
449,2020-03-31,260.58,263.33,256.22,257.75
450,2020-04-01,247.98,251.44,243.9,246.15
451,2020-04-02,245.2,252.68,244.59,251.83
452,2020-04-03,250.76,253.32,245.22,248.19
453,2020-04-06,257.84,267.0,256.72,264.86
454,2020-04-07,274.21,275.03,264.89,265.13
455,2020-04-08,267.94,275.41,265.56,274.03
456,2020-04-09,277.58,281.2,275.47,278.2
457,2020-04-13,277.15,277.51,271.41,275.66
458,2020-04-14,280.94,284.9,279.91,283.79
459,2020-04-15,277.57,279.59,275.46,277.76
460,2020-04-16,279.15,280.03,275.76,279.1
461,2020-04-17,285.37,287.3,282.4,286.64
462,2020-04-20,282.61,286.29,281.35,281.59
463,2020-04-21,276.73,278.04,272.02,273.04
464,2020-04-22,278.35,281.0,276.91,279.1
465,2020-04-23,280.49,283.94,278.75,279.08
466,2020-04-24,280.74,283.7,278.5,282.97
467,2020-04-27,285.09,288.27,284.62,287.05
468,2020-04-28,291.02,291.4,285.4,285.73
469,2020-04-29,291.53,294.88,290.41,293.21
470,2020-04-30,291.71,292.24,288.59,290.48
471,2020-05-01,285.31,286.04,281.52,282.79
472,2020-05-04,280.69,283.9,279.13,283.57
473,2020-05-05,286.64,289.25,285.75,286.19
474,2020-05-06,288.03,288.46,283.78,284.25
475,2020-05-07,287.75,289.78,287.13,287.68
476,2020-05-08,291.08,292.95,289.86,292.44
477,2020-05-11,290.34,294.0,289.88,292.5
478,2020-05-12,293.78,294.24,286.55,286.67
479,2020-05-13,286.05,287.19,278.96,281.6
480,2020-05-14,278.93,285.11,272.99,284.97
481,2020-05-15,282.4,286.33,281.34,286.28
482,2020-05-18,293.05,296.75,292.7,295.0
483,2020-05-19,294.34,296.21,291.95,291.97
484,2020-05-20,295.82,297.87,295.57,296.93
485,2020-05-21,296.78,297.67,293.68,294.88
486,2020-05-22,294.57,295.63,293.22,295.44
487,2020-05-26,301.93,302.19,298.69,299.08
488,2020-05-27,302.1,303.57,296.87,303.53
489,2020-05-28,304.65,306.84,302.24,302.97
490,2020-05-29,302.46,304.96,299.59,304.32
491,2020-06-01,303.61,306.21,303.06,305.55
492,2020-06-02,306.55,308.13,305.1,308.08
493,2020-06-03,310.23,313.22,309.94,312.18
494,2020-06-04,311.11,313.0,309.08,311.36
495,2020-06-05,317.27,321.28,317.16,319.34
496,2020-06-08,320.22,323.41,319.63,323.2
497,2020-06-09,320.29,322.37,319.36,320.79
498,2020-06-10,321.42,322.39,318.22,319.0
499,2020-06-11,311.46,312.15,300.01,300.61
500,2020-06-12,308.24,309.08,298.6,304.21
501,2020-06-15,298.02,308.28,296.74,307.05
502,2020-06-16,315.47,315.64,307.67,312.96
503,2020-06-17,314.06,314.39,310.86,311.66
504,2020-06-18,310.0,312.3,309.51,311.78
505,2020-06-19,314.17,314.38,306.53,308.64
506,2020-06-22,307.99,311.05,306.75,310.62
507,2020-06-23,313.49,314.5,311.61,312.05
508,2020-06-24,309.84,310.51,302.1,304.09
509,2020-06-25,303.48,307.64,301.28,307.35
510,2020-06-26,306.16,306.39,299.42,300.05
511,2020-06-29,301.4,304.46,298.93,304.46
512,2020-06-30,303.98,310.2,303.82,308.36
513,2020-07-01,309.56,311.89,309.07,310.52
514,2020-07-02,314.23,315.7,311.51,312.23
515,2020-07-06,316.37,317.68,315.56,317.05
516,2020-07-07,315.38,317.52,313.37,313.78
517,2020-07-08,314.61,316.3,312.7,316.18
518,2020-07-09,316.84,317.1,310.68,314.38
519,2020-07-10,314.25,317.88,312.76,317.59
520,2020-07-13,320.13,322.71,314.13,314.84
521,2020-07-14,313.28,319.76,312.0,318.92
522,2020-07-15,322.39,323.04,319.26,321.85
523,2020-07-16,319.79,321.28,319.09,320.79
524,2020-07-17,321.88,322.57,319.73,321.72
525,2020-07-20,321.43,325.13,320.62,324.32
526,2020-07-21,326.45,326.93,323.94,325.01
527,2020-07-22,324.61,327.2,324.5,326.86
528,2020-07-23,326.46,327.23,321.48,322.96
529,2020-07-24,320.95,321.99,319.24,320.88
530,2020-07-27,321.63,323.41,320.77,323.22
531,2020-07-28,322.43,323.64,320.85,321.17
532,2020-07-29,322.12,325.73,322.07,325.12
533,2020-07-30,321.9,324.41,319.64,323.96
534,2020-07-31,325.9,326.61,321.33,326.52
535,2020-08-03,328.32,329.62,327.73,328.79
536,2020-08-04,327.86,330.06,327.85,330.06
537,2020-08-05,331.47,332.39,331.18,332.11
538,2020-08-06,331.49,334.46,331.13,334.33
539,2020-08-07,333.28,334.88,332.3,334.57
540,2020-08-10,335.06,335.77,332.95,335.57
541,2020-08-11,336.86,337.54,332.01,332.8
542,2020-08-12,335.45,338.28,335.43,337.44
543,2020-08-13,336.61,338.26,335.83,336.83
544,2020-08-14,336.41,337.42,335.62,336.84
545,2020-08-17,337.93,338.34,337.48,337.91
546,2020-08-18,338.34,339.1,336.61,338.64
547,2020-08-19,339.06,339.61,336.62,337.23
548,2020-08-20,335.36,338.8,335.22,338.28
549,2020-08-21,337.93,339.72,337.55,339.48
550,2020-08-24,342.12,343.0,341.06,342.92
551,2020-08-25,343.54,344.21,342.27,344.12
552,2020-08-26,344.74,347.86,344.17,347.57
553,2020-08-27,348.53,349.9,346.53,348.33
554,2020-08-28,349.45,350.72,348.15,350.58
555,2020-08-31,350.35,351.3,349.09,349.31
556,2020-09-01,350.21,352.69,349.24,352.6
557,2020-09-02,354.67,358.75,353.43,357.7
558,2020-09-03,355.86,356.38,342.59,345.39
559,2020-09-04,346.13,347.83,334.87,342.57
560,2020-09-08,336.65,338.06,332.88,333.21
561,2020-09-09,337.55,342.46,336.61,339.79
562,2020-09-10,341.82,342.53,332.85,333.89
563,2020-09-11,335.82,336.97,331.0,334.06
564,2020-09-14,337.48,340.38,336.93,338.46
565,2020-09-15,341.12,342.02,339.02,340.17
566,2020-09-16,341.53,343.06,338.52,338.82
567,2020-09-17,333.56,337.7,332.99,335.84
568,2020-09-18,335.37,335.49,327.97,330.65
569,2020-09-21,325.7,327.09,321.73,326.97
570,2020-09-22,328.57,330.9,325.86,330.3
571,2020-09-23,330.9,331.2,322.1,322.64
572,2020-09-24,321.21,326.8,319.8,323.5
573,2020-09-25,322.57,329.58,321.64,328.73
574,2020-09-28,333.22,334.96,332.15,334.19
575,2020-09-29,333.97,334.77,331.62,332.37
576,2020-09-30,333.1,338.29,332.88,334.89
577,2020-10-01,337.69,338.74,335.01,337.04
578,2020-10-02,331.7,335.92,331.19,333.84
579,2020-10-05,336.06,339.96,336.01,339.76
580,2020-10-06,339.91,342.17,334.38,334.93
581,2020-10-07,338.1,341.63,338.09,340.76
582,2020-10-08,342.85,343.85,341.86,343.78
583,2020-10-09,345.57,347.35,344.89,346.85
584,2020-10-12,349.57,354.02,349.06,352.43
585,2020-10-13,352.26,352.44,349.09,350.13
586,2020-10-14,350.74,351.93,347.14,347.93
587,2020-10-15,343.7,348.02,343.13,347.5
588,2020-10-16,348.96,350.75,347.1,347.29
589,2020-10-19,348.62,349.33,341.04,342.01
590,2020-10-20,343.46,346.88,342.64,343.38
591,2020-10-21,343.32,345.67,342.4,342.73
592,2020-10-22,342.96,345.24,340.65,344.61
593,2020-10-23,345.93,345.99,343.13,345.78
594,2020-10-26,342.13,342.98,335.62,339.39
595,2020-10-27,339.75,340.12,337.99,338.22
596,2020-10-28,332.11,332.84,326.13,326.66
597,2020-10-29,326.91,333.4,325.09,329.98
598,2020-10-30,328.28,329.69,322.6,326.54
599,2020-11-02,330.2,332.36,327.24,330.2
600,2020-11-03,333.69,338.25,333.17,336.03
601,2020-11-04,340.85,347.94,339.59,343.54
602,2020-11-05,349.24,352.19,348.86,350.24
603,2020-11-06,349.93,351.51,347.65,350.16
604,2020-11-09,363.97,364.38,354.06,354.56
605,2020-11-10,353.48,355.18,350.51,354.04
606,2020-11-11,356.4,357.56,355.06,356.67
607,2020-11-12,355.58,356.42,351.26,353.21
608,2020-11-13,355.27,358.9,354.71,358.1
609,2020-11-16,360.98,362.59,359.59,362.57
610,2020-11-17,359.96,361.92,358.34,360.62
611,2020-11-18,360.9,361.5,356.24,356.28
612,2020-11-19,355.59,358.18,354.15,357.78
613,2020-11-20,357.48,357.72,355.25,355.33
614,2020-11-23,357.28,358.82,354.86,357.46
615,2020-11-24,360.21,363.81,359.29,363.22
616,2020-11-25,363.13,363.16,361.48,362.66
617,2020-11-27,363.83,364.18,362.58,363.67
618,2020-11-30,362.83,363.12,359.17,362.06
619,2020-12-01,365.56,367.68,364.93,366.02
620,2020-12-02,364.81,366.96,364.2,366.79
621,2020-12-03,366.67,368.19,365.5,366.69
622,2020-12-04,367.32,369.85,367.22,369.85
623,2020-12-07,369.02,369.62,367.72,369.09
624,2020-12-08,367.69,370.78,367.67,370.17
625,2020-12-09,370.87,371.05,365.95,366.85
626,2020-12-10,365.36,367.86,364.43,366.73
627,2020-12-11,364.9,366.58,363.26,366.3
628,2020-12-14,368.62,369.8,364.47,364.66
629,2020-12-15,367.4,369.59,365.92,369.59
630,2020-12-16,369.82,371.16,368.86,370.17
631,2020-12-17,371.94,372.46,371.05,372.24
632,2020-12-18,370.97,371.15,367.02,369.18
633,2020-12-21,364.97,373.0,362.03,367.86
634,2020-12-22,368.21,368.34,366.03,367.24
635,2020-12-23,368.28,369.62,367.39,367.57
636,2020-12-24,368.08,369.01,367.45,369.0
637,2020-12-28,371.75,372.59,371.07,372.17
638,2020-12-29,373.81,374.0,370.83,371.46
639,2020-12-30,372.34,373.1,371.57,371.99
640,2020-12-31,371.78,374.66,371.23,373.88
641,2021-01-04,375.31,375.45,364.82,368.79
642,2021-01-05,368.1,372.5,368.05,371.33
643,2021-01-06,369.71,376.98,369.12,373.55
644,2021-01-07,376.1,379.9,375.91,379.1
645,2021-01-08,380.58,381.49,377.1,381.26
646,2021-01-11,377.87,380.58,377.71,378.69
647,2021-01-12,378.89,379.86,376.36,378.77
648,2021-01-13,378.69,380.86,377.85,379.79
649,2021-01-14,380.59,381.13,378.1,378.46
650,2021-01-15,376.72,377.58,373.7,375.7
651,2021-01-19,378.34,379.23,376.75,378.65
652,2021-01-20,381.1,384.79,380.69,383.89
653,2021-01-21,384.49,384.95,383.25,384.24
654,2021-01-22,382.25,384.08,381.83,382.88
655,2021-01-25,383.67,384.77,378.46,384.39
656,2021-01-26,385.41,385.85,383.54,383.79
657,2021-01-27,380.22,380.32,372.01,374.41
658,2021-01-28,376.35,381.93,375.89,377.63
659,2021-01-29,375.61,376.67,368.27,370.07
660,2021-02-01,373.72,377.34,371.42,376.23
661,2021-02-02,379.61,383.22,379.6,381.55
662,2021-02-03,382.44,383.7,380.48,381.85
663,2021-02-04,382.96,386.24,382.78,386.19
664,2021-02-05,388.21,388.47,386.48,387.71
665,2021-02-08,389.27,390.54,388.35,390.51
666,2021-02-09,389.61,390.89,389.17,390.25
667,2021-02-10,392.12,392.28,387.5,390.08
668,2021-02-11,391.25,391.69,388.1,390.71
669,2021-02-12,389.85,392.9,389.77,392.64
670,2021-02-16,393.97,394.17,391.53,392.3
671,2021-02-17,390.42,392.66,389.33,392.39
672,2021-02-18,389.57,391.52,387.74,390.72
673,2021-02-19,392.07,392.38,389.55,390.03
674,2021-02-22,387.06,389.62,386.74,387.03
675,2021-02-23,384.65,388.95,380.2,387.5
676,2021-02-24,386.33,392.23,385.27,391.77
677,2021-02-25,390.41,391.88,380.77,382.33
678,2021-02-26,384.4,385.58,378.23,380.36
679,2021-03-01,385.59,390.92,385.54,389.58
680,2021-03-02,389.82,390.07,386.0,386.54
681,2021-03-03,385.79,386.83,381.31,381.42
682,2021-03-04,381.22,384.0,371.88,376.7
683,2021-03-05,380.42,384.76,372.64,383.63
684,2021-03-08,384.66,387.68,381.42,381.72
685,2021-03-09,385.85,389.91,385.31,387.17
686,2021-03-10,389.67,391.4,388.17,389.58
687,2021-03-11,392.23,395.65,391.74,393.53
688,2021-03-12,392.08,394.21,391.2,394.06
689,2021-03-15,394.37,396.69,392.03,396.41
690,2021-03-16,397.07,397.83,395.08,395.91
691,2021-03-17,394.54,398.12,393.3,397.26
692,2021-03-18,394.47,396.72,390.75,391.48
693,2021-03-19,389.91,391.57,387.15,389.48
694,2021-03-22,390.03,394.07,389.97,392.59
695,2021-03-23,391.9,393.46,388.66,389.5
696,2021-03-24,390.98,392.75,387.49,387.52
697,2021-03-25,385.99,390.55,383.9,389.7
698,2021-03-26,390.93,396.41,390.29,395.98
699,2021-03-29,394.4,396.75,392.81,395.78
700,2021-03-30,394.41,395.45,393.02,394.73
701,2021-03-31,395.33,398.0,395.31,396.33
702,2021-04-01,398.4,400.67,398.18,400.61
703,2021-04-05,403.49,406.94,403.38,406.36
704,2021-04-06,405.77,407.24,405.4,406.12
705,2021-04-07,405.94,406.96,405.45,406.59
706,2021-04-08,407.93,408.58,406.93,408.52
707,2021-04-09,408.4,411.67,408.26,411.49
708,2021-04-12,410.85,411.93,410.2,411.64
709,2021-04-13,411.53,413.53,411.12,412.86
710,2021-04-14,412.85,413.96,410.87,411.45
711,2021-04-15,413.74,416.16,413.69,415.87
712,2021-04-16,417.25,417.91,415.73,417.26
713,2021-04-19,416.26,416.74,413.79,415.21
714,2021-04-20,413.91,414.68,410.59,412.17
715,2021-04-21,411.51,416.29,411.36,416.07
716,2021-04-22,415.88,416.78,411.13,412.27
717,2021-04-23,412.87,418.25,412.79,416.74
718,2021-04-26,417.44,418.22,416.97,417.61
719,2021-04-27,417.93,418.14,416.3,417.52
720,2021-04-28,417.81,419.01,416.9,417.4
721,2021-04-29,420.32,420.72,416.44,420.06
722,2021-04-30,417.64,418.54,416.34,417.3
723,2021-05-03,419.43,419.84,417.66,418.2
724,2021-05-04,416.07,416.6,411.67,415.62
725,2021-05-05,417.38,417.63,414.94,415.75
726,2021-05-06,415.82,419.21,413.67,419.07
727,2021-05-07,419.91,422.82,419.16,422.12
728,2021-05-10,422.5,422.74,417.81,417.94
729,2021-05-11,413.1,415.27,410.06,414.21
730,2021-05-12,411.23,412.59,404.0,405.41
731,2021-05-13,407.05,412.35,407.02,410.28
732,2021-05-14,413.21,417.49,413.18,416.58
733,2021-05-17,415.39,416.39,413.36,415.52
734,2021-05-18,415.8,416.06,411.77,411.94
735,2021-05-19,406.92,411.05,405.33,410.86
736,2021-05-20,411.79,416.63,411.67,415.28
737,2021-05-21,416.86,418.2,414.45,414.94
738,2021-05-24,417.37,420.32,417.08,419.17
739,2021-05-25,420.33,420.71,417.62,418.24
740,2021-05-26,418.87,419.61,417.76,419.07
741,2021-05-27,420.17,420.72,419.12,419.29
742,2021-05-28,420.98,421.25,419.79,420.04
743,2021-06-01,422.58,422.72,419.2,419.67
744,2021-06-02,420.37,421.23,419.29,420.33
745,2021-06-03,417.87,419.99,416.28,418.77
746,2021-06-04,420.75,422.92,420.68,422.6
747,2021-06-07,422.59,422.78,421.19,422.19
748,2021-06-08,423.22,423.25,420.32,422.28
749,2021-06-09,423.17,423.26,421.41,421.65
750,2021-06-10,422.96,424.63,421.55,423.61
751,2021-06-11,424.19,424.42,422.82,424.31
752,2021-06-14,424.43,425.29,423.1,425.26
753,2021-06-15,425.43,425.46,423.54,424.48
754,2021-06-16,424.63,424.87,419.92,422.11
755,2021-06-17,421.67,423.02,419.32,421.97
756,2021-06-18,417.08,417.83,414.7,414.92
757,2021-06-21,416.8,421.06,415.93,420.86
758,2021-06-22,420.85,424.0,420.08,423.11
759,2021-06-23,423.15,424.05,422.51,422.6
760,2021-06-24,424.89,425.55,424.62,425.1
761,2021-06-25,425.9,427.1,425.55,426.61
762,2021-06-28,427.17,427.65,425.89,427.47
763,2021-06-29,427.89,428.56,427.13,427.7
764,2021-06-30,427.2,428.78,427.18,428.06
765,2021-07-01,428.83,430.6,428.8,430.43
766,2021-07-02,431.67,434.1,431.33,433.72
767,2021-07-06,433.78,434.01,430.01,432.93
768,2021-07-07,433.66,434.76,431.51,434.46
769,2021-07-08,428.78,431.73,427.52,430.92
770,2021-07-09,432.53,435.84,432.31,435.52
771,2021-07-12,435.42,437.35,434.97,437.08
772,2021-07-13,436.26,437.84,435.31,435.59
773,2021-07-14,437.39,437.92,434.91,436.24
774,2021-07-15,434.81,435.53,432.72,434.75
775,2021-07-16,436.03,436.06,430.92,431.34
776,2021-07-19,426.19,426.71,421.97,424.97
777,2021-07-20,425.68,432.42,424.83,431.06
778,2021-07-21,432.36,434.7,432.14,434.55
779,2021-07-22,434.74,435.72,433.69,435.46
780,2021-07-23,437.53,440.3,436.79,439.94
781,2021-07-26,439.34,441.03,439.26,441.02
782,2021-07-27,439.91,439.94,435.99,439.01
783,2021-07-28,439.68,440.3,437.31,438.83
784,2021-07-29,439.83,441.8,439.81,440.65
785,2021-07-30,437.91,440.06,437.77,438.51
786,2021-08-02,440.33,440.93,437.21,437.59
787,2021-08-03,438.41,441.28,436.1,441.15
788,2021-08-04,439.77,440.41,438.73,438.98
789,2021-08-05,440.22,441.85,439.88,441.76
790,2021-08-06,442.1,442.94,441.8,442.49
791,2021-08-09,442.45,442.8,441.31,442.13
792,2021-08-10,442.6,443.44,441.88,442.68
793,2021-08-11,443.8,443.89,442.62,443.78
794,2021-08-12,443.62,445.26,442.66,445.11
795,2021-08-13,445.59,445.93,445.07,445.92
796,2021-08-16,444.54,447.11,442.87,446.97
797,2021-08-17,444.24,444.96,440.85,444.04
798,2021-08-18,442.96,444.63,438.92,439.18
799,2021-08-19,436.27,441.14,436.12,439.86
800,2021-08-20,440.23,443.71,439.71,443.36
801,2021-08-23,445.16,448.23,445.14,447.26
802,2021-08-24,447.97,448.54,447.42,447.97
803,2021-08-25,448.17,449.46,447.77,448.91
804,2021-08-26,448.61,448.86,446.16,446.26
805,2021-08-27,447.12,450.65,447.06,450.25
806,2021-08-30,450.99,453.07,450.71,452.23
807,2021-08-31,452.13,452.49,450.92,451.56
808,2021-09-01,452.58,453.11,451.54,451.8
809,2021-09-02,453.32,454.05,451.91,453.19
810,2021-09-03,451.97,453.63,451.55,453.08
811,2021-09-07,452.71,452.81,450.74,451.46
812,2021-09-08,450.88,451.67,448.86,450.91
813,2021-09-09,450.69,452.57,448.72,448.98
814,2021-09-10,451.04,451.49,445.31,445.44
815,2021-09-13,448.65,448.92,444.11,446.58
816,2021-09-14,448.11,448.34,443.22,444.17
817,2021-09-15,444.62,448.41,443.44,447.88
818,2021-09-16,447.32,448.36,444.02,447.17
819,2021-09-17,444.92,445.37,441.02,441.4
820,2021-09-20,434.88,436.56,428.86,434.04
821,2021-09-21,436.54,437.91,433.07,433.63
822,2021-09-22,436.05,440.03,435.07,437.86
823,2021-09-23,439.84,444.89,439.6,443.18
824,2021-09-24,441.45,444.67,441.21,443.91
825,2021-09-27,442.81,444.05,441.9,442.64
826,2021-09-28,439.69,440.04,432.94,433.72
827,2021-09-29,435.19,437.04,433.85,434.45
828,2021-09-30,436.02,436.77,428.78,429.14
829,2021-10-01,430.98,436.04,427.23,434.24
830,2021-10-04,433.0,433.96,426.36,428.64
831,2021-10-05,430.27,435.49,429.39,433.1
832,2021-10-06,429.27,435.12,427.54,434.9
833,2021-10-07,438.41,441.68,438.2,438.66
834,2021-10-08,439.48,439.89,437.19,437.86
835,2021-10-11,437.16,440.26,434.62,434.69
836,2021-10-12,435.67,436.1,432.78,433.62
837,2021-10-13,434.71,436.05,431.54,435.18
838,2021-10-14,439.08,442.66,438.58,442.5
839,2021-10-15,444.76,446.26,444.09,445.87
840,2021-10-18,443.97,447.55,443.27,447.19
841,2021-10-19,448.92,450.7,448.27,450.64
842,2021-10-20,451.13,452.74,451.01,452.41
843,2021-10-21,451.76,453.83,451.31,453.59
844,2021-10-22,453.13,454.67,451.05,453.12
845,2021-10-25,454.28,455.9,452.39,455.55
846,2021-10-26,457.2,458.49,455.56,455.96
847,2021-10-27,456.45,457.16,453.86,453.94
848,2021-10-28,455.46,458.4,455.45,458.32
849,2021-10-29,455.87,459.56,455.56,459.25
850,2021-11-01,460.3,460.71,458.2,460.04
851,2021-11-02,460.21,462.23,460.08,461.9
852,2021-11-03,461.3,465.15,460.83,464.72
853,2021-11-04,465.35,467.0,464.99,466.91
854,2021-11-05,469.28,470.65,466.92,468.53
855,2021-11-08,469.7,470.23,468.2,468.93
856,2021-11-09,469.32,469.57,465.88,467.38
857,2021-11-10,465.58,467.38,462.04,463.62
858,2021-11-11,465.21,465.29,463.75,463.77
859,2021-11-12,465.12,467.86,464.11,467.27
860,2021-11-15,468.64,468.81,466.23,467.43
861,2021-11-16,467.16,470.49,467.07,469.28
862,2021-11-17,469.0,469.19,467.48,468.14
863,2021-11-18,469.24,470.01,466.34,469.73
864,2021-11-19,469.61,470.94,468.5,468.89
865,2021-11-22,470.82,473.54,467.35,467.57
866,2021-11-23,467.2,469.1,464.45,468.19
867,2021-11-24,466.06,469.57,465.19,469.44
868,2021-11-26,462.38,463.9,457.77,458.97
869,2021-11-29,464.09,466.56,461.73,464.6
870,2021-11-30,462.0,464.03,455.3,455.56
871,2021-12-01,461.63,464.67,450.29,450.5
872,2021-12-02,450.72,459.07,450.31,457.4
873,2021-12-03,459.17,460.3,448.92,453.42
874,2021-12-06,456.1,460.79,453.56,458.79
875,2021-12-07,464.41,468.88,464.34,468.28
876,2021-12-08,468.7,470.0,466.83,469.52
877,2021-12-09,468.15,469.11,466.14,466.35
878,2021-12-10,469.23,470.9,466.51,470.74
879,2021-12-13,470.19,470.56,466.27,466.57
880,2021-12-14,463.05,465.74,460.25,463.36
881,2021-12-15,463.42,470.86,460.74,470.6
882,2021-12-16,472.57,472.87,464.8,466.45
883,2021-12-17,461.52,464.74,458.06,459.87
884,2021-12-20,454.44,455.4,451.14,454.98
885,2021-12-21,458.61,463.21,456.31,463.06
886,2021-12-22,462.79,467.81,462.58,467.69
887,2021-12-23,468.75,472.19,468.64,470.6
888,2021-12-27,472.03,477.31,472.01,477.26
889,2021-12-28,477.76,478.81,476.06,476.87
890,2021-12-29,477.02,478.56,475.92,477.48
891,2021-12-30,477.93,479.0,475.67,476.16
892,2021-12-31,475.64,476.86,474.67,474.96
893,2022-01-03,476.33,477.85,473.85,477.71
894,2022-01-04,479.22,479.98,475.58,477.55
895,2022-01-05,477.2,477.98,468.28,468.38
896,2022-01-06,467.89,470.82,465.43,467.94
897,2022-01-07,467.95,469.2,464.65,466.09
898,2022-01-10,462.7,465.74,456.59,465.51
899,2022-01-11,465.22,469.85,462.05,469.75
900,2022-01-12,471.59,473.2,468.94,471.02
901,2022-01-13,472.21,472.88,463.44,464.53
902,2022-01-14,461.15,465.09,459.9,464.72
903,2022-01-18,459.73,459.96,455.31,456.49
904,2022-01-19,458.17,459.62,451.46,451.75
905,2022-01-20,453.75,458.74,444.5,446.75
906,2022-01-21,445.56,448.06,437.98,437.98
907,2022-01-24,432.05,440.38,420.76,439.84
908,2022-01-25,433.12,439.72,427.15,434.47
909,2022-01-26,440.72,444.04,428.86,433.38
910,2022-01-27,438.26,441.59,429.45,431.24
911,2022-01-28,432.7,442.0,427.82,441.95
912,2022-01-31,441.26,450.28,439.81,449.91
913,2022-02-01,450.72,453.63,446.93,452.95
914,2022-02-02,455.5,458.12,453.05,457.35
915,2022-02-03,450.95,452.97,445.71,446.6
916,2022-02-04,446.36,452.78,443.83,448.7
917,2022-02-07,449.51,450.99,445.85,447.26
918,2022-02-08,446.73,451.92,445.22,450.94
919,2022-02-09,455.25,457.88,455.0,457.54
920,2022-02-10,451.34,457.71,447.2,449.32
921,2022-02-11,449.38,451.61,438.94,440.46
922,2022-02-14,439.92,441.6,435.34,439.02
923,2022-02-15,443.73,446.28,443.18,446.1
924,2022-02-16,443.93,448.06,441.94,446.6
925,2022-02-17,443.22,443.8,436.42,437.06
926,2022-02-18,437.36,438.66,431.82,434.23
927,2022-02-22,431.89,435.5,425.86,429.57
928,2022-02-23,432.69,433.26,421.35,421.95
929,2022-02-24,411.02,428.76,410.64,428.3
930,2022-02-25,429.61,437.84,427.86,437.75
931,2022-02-28,432.08,438.2,430.7,436.63
932,2022-03-01,435.04,437.17,427.11,429.98
933,2022-03-02,432.41,439.56,431.57,437.89
934,2022-03-03,440.47,441.11,433.84,435.71
935,2022-03-04,431.75,433.37,427.88,432.17
936,2022-03-07,431.55,431.84,419.36,419.43
937,2022-03-08,419.7,427.21,415.12,416.25
938,2022-03-09,425.14,429.51,422.82,427.41
939,2022-03-10,422.52,426.43,420.44,425.48
940,2022-03-11,428.12,428.77,419.53,420.07
941,2022-03-14,420.89,424.55,415.79,417.0
942,2022-03-15,419.76,426.84,418.42,426.17
943,2022-03-16,429.91,435.68,424.8,435.62
944,2022-03-17,433.59,441.07,433.19,441.07
945,2022-03-18,438.0,444.86,437.22,444.52
946,2022-03-21,444.34,446.46,440.68,444.39
947,2022-03-22,445.86,450.58,445.86,449.59
948,2022-03-23,446.91,448.49,443.79,443.8
949,2022-03-24,445.93,450.49,444.76,450.49
950,2022-03-25,451.16,452.98,448.43,452.69
951,2022-03-28,452.06,455.91,450.06,455.91
952,2022-03-29,460.07,462.07,457.18,461.55
953,2022-03-30,460.34,461.2,456.46,458.7
954,2022-03-31,457.88,458.76,451.16,451.64
955,2022-04-01,453.32,453.46,449.14,452.92
956,2022-04-04,453.13,456.83,452.26,456.8
957,2022-04-05,455.22,457.83,449.82,451.03
958,2022-04-06,446.89,448.93,443.47,446.52
959,2022-04-07,445.61,450.69,443.53,448.77
960,2022-04-08,447.97,450.63,445.94,447.57
961,2022-04-11,444.11,445.0,439.39,439.92
962,2022-04-12,443.08,445.75,436.65,438.29
963,2022-04-13,438.03,444.11,437.84,443.31
964,2022-04-14,443.51,444.74,437.68,437.79
965,2022-04-18,436.81,439.75,435.61,437.97
966,2022-04-19,437.86,445.8,437.68,445.04
967,2022-04-20,446.91,447.57,443.48,444.71
968,2022-04-21,448.54,450.01,437.1,438.06
969,2022-04-22,436.9,437.23,425.44,426.04
970,2022-04-25,423.66,428.69,418.84,428.51
971,2022-04-26,425.82,426.04,416.07,416.1
972,2022-04-27,417.24,422.92,415.01,417.27
973,2022-04-28,422.29,429.64,417.6,427.81
974,2022-04-29,423.59,425.87,411.21,412.0
975,2022-05-02,412.07,415.92,405.02,414.48
976,2022-05-03,415.01,418.93,413.36,416.38
977,2022-05-04,417.07,429.66,413.7,429.06
978,2022-05-05,424.52,425.0,409.44,413.81
979,2022-05-06,411.1,414.8,405.73,411.34
980,2022-05-09,405.1,406.41,396.5,398.17
981,2022-05-10,404.49,406.08,394.82,399.09
982,2022-05-11,398.05,404.04,391.96,392.75
983,2022-05-12,389.37,395.8,385.15,392.34
984,2022-05-13,396.7,403.18,395.61,401.72
985,2022-05-16,399.98,403.97,397.6,400.09
986,2022-05-17,406.53,408.57,402.58,408.32
987,2022-05-18,403.5,403.8,390.55,391.86
988,2022-05-19,388.56,394.14,387.11,389.46
989,2022-05-20,393.25,397.03,380.54,389.63
990,2022-05-23,392.83,397.73,390.38,396.92
991,2022-05-24,392.56,395.15,386.96,393.89
992,2022-05-25,392.31,399.45,391.89,397.37
993,2022-05-26,398.67,407.04,398.45,405.31
994,2022-05-27,407.93,415.39,407.7,415.26
995,2022-05-31,413.55,416.46,410.03,412.93
996,2022-06-01,415.15,416.24,406.93,409.59
997,2022-06-02,409.47,417.44,407.04,417.39
998,2022-06-03,412.35,414.04,409.51,410.54
999,2022-06-06,414.78,416.61,410.55,411.79
1000,2022-06-07,408.1,416.22,407.61,415.74
1001,2022-06-08,413.93,415.82,410.38,411.22
1002,2022-06-09,409.33,411.74,401.44,401.44
1003,2022-06-10,394.88,395.78,389.75,389.8
1004,2022-06-13,379.85,381.81,373.3,375.0
1005,2022-06-14,376.85,377.94,370.59,373.87
1006,2022-06-15,377.36,383.9,372.12,379.2
1007,2022-06-16,370.51,370.94,364.07,366.65
1008,2022-06-17,365.49,369.38,362.17,365.86
1009,2022-06-21,371.88,376.53,371.81,375.07
1010,2022-06-22,370.65,378.72,370.18,374.39
1011,2022-06-23,376.64,378.83,372.89,378.06
1012,2022-06-24,381.4,390.08,381.36,390.08
1013,2022-06-27,391.05,391.36,387.44,388.59
1014,2022-06-28,390.23,393.16,380.53,380.65
1015,2022-06-29,381.23,382.27,378.42,380.34
1016,2022-06-30,376.24,380.66,372.56,377.25
1017,2022-07-01,376.53,381.7,373.8,381.24
1018,2022-07-05,375.89,381.98,372.9,381.96
1019,2022-07-06,382.11,385.87,379.6,383.25
1020,2022-07-07,385.12,389.83,385.12,388.99
1021,2022-07-08,387.27,390.64,385.66,388.67
1022,2022-07-11,385.86,386.87,383.5,384.23
1023,2022-07-12,383.65,386.16,378.99,380.83
1024,2022-07-13,375.1,381.92,374.65,378.83
1025,2022-07-14,373.66,378.57,371.04,377.91
1026,2022-07-15,382.55,385.25,380.54,385.13
1027,2022-07-18,388.38,389.09,380.66,381.95
1028,2022-07-19,386.08,392.87,385.39,392.27
1029,2022-07-20,392.41,396.26,391.03,394.77
1030,2022-07-21,394.16,398.84,391.63,398.79
1031,2022-07-22,398.92,400.16,392.75,395.09
1032,2022-07-25,395.75,396.47,393.21,395.57
1033,2022-07-26,393.84,394.06,389.95,390.89
1034,2022-07-27,394.36,402.88,394.05,401.04
1035,2022-07-28,401.89,406.8,398.15,406.07
1036,2022-07-29,407.62,413.03,406.77,411.99
1037,2022-08-01,409.15,413.41,408.4,410.77
1038,2022-08-02,409.12,413.0,406.82,408.06
1039,2022-08-03,410.34,415.68,410.0,414.45
1040,2022-08-04,414.3,415.09,412.44,414.17
1041,2022-08-05,409.7,414.15,409.6,413.47
1042,2022-08-08,415.25,417.62,411.83,412.99
1043,2022-08-09,412.22,412.75,410.22,411.35
1044,2022-08-10,418.79,420.14,416.72,419.99
1045,2022-08-11,422.99,424.95,419.21,419.99
1046,2022-08-12,422.03,427.21,421.03,427.1
1047,2022-08-15,424.77,429.41,424.71,428.86
1048,2022-08-16,427.73,431.73,426.88,429.7
1049,2022-08-17,425.95,429.5,424.54,426.65
1050,2022-08-18,426.86,428.61,425.5,427.89
1051,2022-08-19,424.98,425.26,421.22,422.14
1052,2022-08-22,417.05,417.23,412.4,413.35
1053,2022-08-23,412.9,415.42,411.77,412.35
1054,2022-08-24,412.14,415.12,411.39,413.67
1055,2022-08-25,415.25,419.56,414.09,419.51
1056,2022-08-26,419.39,419.96,405.25,405.31
1057,2022-08-29,402.2,405.84,401.19,402.63
1058,2022-08-30,403.85,404.1,396.0,398.21
1059,2022-08-31,399.93,401.24,395.04,395.18
1060,2022-09-01,392.89,396.78,390.04,396.42
1061,2022-09-02,400.29,401.56,390.33,392.24
1062,2022-09-06,393.1,394.12,388.42,390.76
1063,2022-09-07,390.43,398.59,390.2,397.78
1064,2022-09-08,395.3,400.86,394.12,400.38
1065,2022-09-09,402.75,407.51,402.46,406.6
1066,2022-09-12,408.78,411.73,408.46,410.97
1067,2022-09-13,401.82,403.1,391.92,393.1
1068,2022-09-14,394.46,396.2,391.12,394.6
1069,2022-09-15,392.96,395.96,388.78,390.12
1070,2022-09-16,384.18,386.25,382.11,385.56
1071,2022-09-19,382.26,388.55,382.17,388.55
1072,2022-09-20,385.05,386.12,381.19,384.09
1073,2022-09-21,386.11,389.31,377.39,377.39
1074,2022-09-22,376.54,377.66,373.44,374.22
1075,2022-09-23,370.58,370.62,363.29,367.95
1076,2022-09-26,366.43,370.21,363.02,364.31
1077,2022-09-27,368.02,370.4,360.87,363.38
1078,2022-09-28,364.38,372.3,362.6,370.53
1079,2022-09-29,366.81,367.11,359.7,362.79
1080,2022-09-30,361.8,365.91,357.11,357.18
1081,2022-10-03,361.08,368.55,359.21,366.61
1082,2022-10-04,372.41,377.99,372.31,377.97
1083,2022-10-05,373.39,379.46,370.95,377.09
1084,2022-10-06,375.62,378.72,372.68,373.2
1085,2022-10-07,368.97,369.37,360.94,362.79
1086,2022-10-10,363.97,364.21,357.67,360.02
1087,2022-10-11,358.26,363.03,355.71,357.74
1088,2022-10-12,358.17,359.82,356.3,356.56
1089,2022-10-13,349.22,367.51,348.11,365.97
1090,2022-10-14,368.53,370.26,356.96,357.63
1091,2022-10-17,364.0,367.98,363.97,366.82
1092,2022-10-18,375.13,375.45,367.52,371.13
1093,2022-10-19,368.98,371.85,365.55,368.5
1094,2022-10-20,368.01,372.67,364.61,365.41
1095,2022-10-21,365.13,374.8,363.54,374.29
1096,2022-10-24,375.91,380.06,373.11,378.87
1097,2022-10-25,378.79,385.25,378.71,384.92
1098,2022-10-26,381.65,387.58,381.35,382.02
1099,2022-10-27,383.08,385.0,379.33,379.98
1100,2022-10-28,379.88,389.52,379.68,389.02
1101,2022-10-31,386.44,388.4,385.26,386.21
1102,2022-11-01,390.14,390.39,383.29,384.52
1103,2022-11-02,383.9,388.63,374.84,374.87
1104,2022-11-03,371.46,374.2,368.79,371.01
1105,2022-11-04,377.0,378.87,370.0,376.35
1106,2022-11-07,377.71,380.57,375.53,379.95
1107,2022-11-08,381.11,385.12,377.72,382.0
1108,2022-11-09,379.85,381.14,373.61,374.13
1109,2022-11-10,388.03,395.04,385.64,394.69
1110,2022-11-11,395.59,399.35,393.61,398.51
1111,2022-11-14,396.66,400.18,394.83,395.12
1112,2022-11-15,401.15,402.31,394.49,398.49
1113,2022-11-16,396.78,397.78,394.79,395.45
1114,2022-11-17,390.46,394.95,390.14,394.24
1115,2022-11-18,397.73,397.81,393.04,396.03
1116,2022-11-21,394.64,395.82,392.66,394.59
1117,2022-11-22,396.63,400.07,395.15,399.9
1118,2022-11-23,399.55,402.93,399.31,402.42
1119,2022-11-25,401.83,402.91,401.53,402.33
1120,2022-11-28,399.09,400.81,395.11,395.91
1121,2022-11-29,396.04,397.3,393.3,395.23
1122,2022-11-30,395.45,407.68,393.48,407.68
1123,2022-12-01,408.81,410.0,404.75,407.38
1124,2022-12-02,402.2,407.86,402.14,406.91
1125,2022-12-05,403.92,404.93,398.17,399.59
1126,2022-12-06,399.42,399.99,391.64,393.83
1127,2022-12-07,392.9,395.64,391.97,393.16
1128,2022-12-08,395.13,397.36,393.45,396.24
1129,2022-12-09,394.94,397.62,393.15,393.28
1130,2022-12-12,394.1,398.95,393.41,398.95
1131,2022-12-13,410.2,410.49,399.07,401.97
1132,2022-12-14,401.61,405.5,396.31,399.4
1133,2022-12-15,394.31,395.25,387.88,389.63
1134,2022-12-16,385.19,386.58,381.04,383.27
1135,2022-12-19,383.46,383.82,378.28,380.02
1136,2022-12-20,379.23,382.23,377.85,380.54
1137,2022-12-21,383.28,387.41,382.69,386.23
1138,2022-12-22,383.05,383.38,374.77,380.72
1139,2022-12-23,379.65,383.06,378.03,382.91
1140,2022-12-27,382.78,383.15,379.65,381.4
1141,2022-12-28,381.34,383.39,376.42,376.66
1142,2022-12-29,379.66,384.35,379.08,383.44
1143,2022-12-30,380.64,382.53,378.43,382.43
1144,2023-01-03,384.42,386.43,377.83,380.82
1145,2023-01-04,383.18,385.88,380.0,383.76
1146,2023-01-05,381.72,381.84,378.76,379.38
1147,2023-01-06,382.61,389.25,379.45,388.08
1148,2023-01-09,390.37,393.7,387.67,387.86
1149,2023-01-10,387.25,390.65,386.27,390.58
1150,2023-01-11,392.23,395.6,391.38,395.52
1151,2023-01-12,396.67,398.49,392.42,396.96
1152,2023-01-13,393.62,399.1,393.34,398.5
1153,2023-01-17,398.49,400.23,397.06,397.77
1154,2023-01-18,398.98,400.12,391.28,391.49
1155,2023-01-19,389.35,391.08,387.26,388.64
1156,2023-01-20,390.08,396.04,388.38,395.88
1157,2023-01-23,396.72,402.65,395.72,400.63
1158,2023-01-24,398.88,401.15,397.64,400.2
1159,2023-01-25,395.95,400.7,393.56,400.35
1160,2023-01-26,403.12,404.92,400.03,404.75
1161,2023-01-27,403.65,408.16,403.44,405.68
1162,2023-01-30,402.8,405.13,400.28,400.59
1163,2023-01-31,401.11,406.53,400.77,406.48
1164,2023-02-01,405.21,413.67,402.35,410.8
1165,2023-02-02,414.86,418.31,412.88,416.78
1166,2023-02-03,411.59,416.97,411.09,412.35
1167,2023-02-06,409.79,411.29,408.1,409.83
1168,2023-02-07,408.88,416.49,407.57,415.19
1169,2023-02-08,413.13,414.53,409.93,410.65
1170,2023-02-09,414.41,414.57,405.81,407.09
1171,2023-02-10,405.88,408.44,405.01,408.04
1172,2023-02-13,408.71,412.97,408.24,412.83
1173,2023-02-14,411.25,415.05,408.51,412.64
1174,2023-02-15,410.36,414.0,409.47,413.98
1175,2023-02-16,408.79,412.91,408.14,408.28
1176,2023-02-17,406.06,407.51,404.05,407.26
1177,2023-02-21,403.06,404.16,398.82,399.09
1178,2023-02-22,399.52,401.13,397.02,398.54
1179,2023-02-23,401.54,402.2,396.25,400.66
1180,2023-02-24,395.41,397.25,393.64,396.38
1181,2023-02-27,399.86,401.29,396.75,397.73
1182,2023-02-28,397.23,399.28,396.18,396.26
1183,2023-03-01,395.41,396.69,393.38,394.74
1184,2023-03-02,392.69,398.69,392.33,397.81
1185,2023-03-03,399.7,404.45,399.03,404.19
1186,2023-03-06,405.06,407.45,404.03,404.47
1187,2023-03-07,404.42,404.67,397.62,398.27
1188,2023-03-08,398.39,399.71,396.59,398.92
1189,2023-03-09,399.75,401.48,390.53,391.56
1190,2023-03-10,390.99,393.16,384.32,385.91
1191,2023-03-13,381.85,390.39,380.65,385.36
1192,2023-03-14,390.5,393.45,387.05,391.73
1193,2023-03-15,385.87,389.49,383.71,389.28
1194,2023-03-16,386.82,396.47,386.29,396.11
1195,2023-03-17,393.21,394.4,388.55,389.99
1196,2023-03-20,390.79,394.17,390.07,393.74
1197,2023-03-21,397.26,399.41,395.58,398.91
1198,2023-03-22,398.73,402.49,392.07,392.11
1199,2023-03-23,395.07,399.29,390.35,393.17
1200,2023-03-24,391.84,395.84,389.4,395.75
1201,2023-03-27,398.11,398.92,395.56,396.49
1202,2023-03-28,395.76,396.49,393.69,395.6
1203,2023-03-29,399.92,401.6,398.68,401.35
1204,2023-03-30,404.09,404.35,401.76,403.7
1205,2023-03-31,404.65,409.7,404.55,409.39
1206,2023-04-03,408.86,411.37,408.44,410.95
1207,2023-04-04,411.62,411.92,407.24,408.67
1208,2023-04-05,407.89,408.7,405.88,407.6
1209,2023-04-06,406.77,409.48,405.67,409.19
1210,2023-04-10,406.6,409.69,405.97,409.61
1211,2023-04-11,410.26,411.18,408.92,409.72
1212,2023-04-12,411.85,412.17,407.44,408.05
1213,2023-04-13,409.24,413.84,408.7,413.47
1214,2023-04-14,412.82,415.09,410.06,412.46
1215,2023-04-17,412.38,413.96,411.08,413.94
1216,2023-04-18,415.6,415.72,412.78,414.21
1217,2023-04-19,412.22,415.08,412.16,414.14
1218,2023-04-20,411.22,413.7,410.27,411.88
1219,2023-04-21,412.19,412.68,410.17,412.2
1220,2023-04-24,411.99,413.07,410.6,412.63
1221,2023-04-25,410.59,411.16,406.02,406.08
1222,2023-04-26,406.75,407.84,403.78,404.36
1223,2023-04-27,407.0,412.69,406.74,412.41
1224,2023-04-28,411.49,415.93,411.43,415.93
1225,2023-05-01,415.44,417.62,415.26,415.51
1226,2023-05-02,414.77,414.83,407.82,410.84
1227,2023-05-03,411.34,413.87,407.77,408.02
1228,2023-05-04,406.93,407.27,403.74,405.13
1229,2023-05-05,408.91,413.72,408.64,412.63
1230,2023-05-08,412.95,413.24,411.28,412.74
1231,2023-05-09,411.13,412.09,410.68,410.93
1232,2023-05-10,413.89,414.54,408.87,412.85
1233,2023-05-11,411.94,412.43,409.97,412.13
1234,2023-05-12,413.41,413.64,409.07,411.59
1235,2023-05-15,412.22,413.43,410.23,413.01
1236,2023-05-16,411.86,412.82,410.25,410.25
1237,2023-05-17,412.35,415.86,410.63,415.23
1238,2023-05-18,414.9,419.67,414.67,419.23
1239,2023-05-19,420.17,420.72,417.35,418.62
1240,2023-05-22,418.63,420.39,417.35,418.79
1241,2023-05-23,417.08,418.13,413.68,414.09
1242,2023-05-24,412.4,412.82,409.87,411.09
1243,2023-05-25,414.73,416.16,412.41,414.65
1244,2023-05-26,415.33,420.77,415.25,420.02
1245,2023-05-30,422.03,422.58,418.73,420.18
1246,2023-05-31,418.28,419.22,416.22,417.85
1247,2023-06-01,418.09,422.92,416.79,421.82
1248,2023-06-02,424.5,428.74,423.95,427.92
1249,2023-06-05,428.29,429.67,426.37,427.1
1250,2023-06-06,426.67,428.58,425.99,428.03
1251,2023-06-07,428.44,429.62,426.11,426.55
1252,2023-06-08,426.62,429.6,425.82,429.13
1253,2023-06-09,429.96,431.99,428.87,429.9
1254,2023-06-12,430.92,433.88,430.17,433.8
1255,2023-06-13,435.32,437.33,434.63,436.66
1256,2023-06-14,437.01,439.07,433.59,437.18
1257,2023-06-15,436.35,443.9,436.23,442.6
1258,2023-06-16,442.97,443.18,438.97,439.46
